난이도,순번,발주기관,사업명,파일명,복잡도,목표정확도
🔴 상,상_1,국방과학연구소,기록관리시스템 통합 활용 및 보안 환경 구축,국방과학연구소_기록관리시스템_통합_활용_및_보안_환경_구축.pdf,"도메인특화, 보안규제, 암묵적요구",80%+
🔴 상,상_2,국가과학기술지식정보서비스,통합정보시스템 고도화 용역,국가과학기술지식정보서비스_통합정보시스템_고도화_용역.pdf,"40개+ 요구사항, 5분야혼재, 의존성복잡",75%+
🔴 상,상_3,경상북도 봉화군,봉화군 재난통합관리시스템 고도화 사업,경상북도_봉화군_봉화군_재난통합관리시스템_고도화_사업협상긴급.pdf,"실시간요구, 다중기관연계, 아키텍처복잡",80%+
🟡 중,중_1,국립인천해양박물관,국립인천해양박물관 해양자료관리시스템 구축,국립인천해양박물관_국립인천해양박물관_해양자료관리시스템_구축_용.pdf,"도메인지식필요, 39개중간규모요구",70%+
🟡 중,중_2,그랜드코리아레저(주),2024년도 GKL 그룹웨어 시스템 구축 용역,그랜드코리아레저_주__2024년도_GKL__그룹웨어_시스템_구축_용역.pdf,"표준그룹웨어기능, 워크플로우표현",70%+
🟡 중,중_3,경기도 안양시,호계체육관 배드민턴장 및 탁구장 예약시스템 구축 용역,경기도_안양시_호계체육관_배드민턴장_및_탁구장_예약시스템_구축_용역.pdf,"예약시스템특화, 동시성처리, 스케줄링",70%+
🟢 하,하_1,고양도시관리공사,관산근린공원 다목적구장 홈페이지 및 회원 통합운영,고양도시관리공사_관산근린공원_다목적구장_홈페이지_및_회원_통합운영.pdf,"홈페이지+기본관리, 낮은복잡도",60%+
🟢 하,하_2,고려대학교,차세대 포털 학사 정보시스템 구축사업,고려대학교_차세대_포털_학사_정보시스템_구축사업.pdf,"표준CRUD, 기본기능",60%+
🟢 하,하_3,경기도 평택시,2024년도 평택시 버스정보시스템(BIS) 구축사업,경기도_평택시_2024년도_평택시_버스정보시스템_BIS__구축사업.pdf,"조회시스템, 대중사용자, 기본난이도",60%+
